rank,player,discord_id,of_name,final_placement,total_points,games_played,playtime_min,avg_points,total_kills,best_placement,lobby_wins,games_survived,furthest_stage
1,[UN] Ultimus_Rex,296454138877968385,Ultimus_Rex,1,911,7,158.8,130.1,67,1,1,7,Finals
2,Sparkles,1369055572032356494,This game sucks like Eagle,2,792,7,142.1,113.1,41,1,1,5,Finals
3,[NRV] WHALEFall,618434469032099851,_0_WHALEFall,3,774,8,157.6,96.8,31,1,1,5,Finals
4,[UN] ALPHA,1427766971583430766,ALPHA,4,736,7,148.6,105.1,36,2,0,4,Finals
5,uni,861894838109863936,uni,5,711,6,136.3,118.5,29,2,0,6,Finals
6,[Xev]aki,1076777741548003480,aki,6,711,8,139.9,88.9,36,3,0,4,Finals
7,BojoJangles,551501271320887316,Train Me,7,710,7,128.3,101.4,33,1,2,4,Finals
8,[LUX] TeNa,771775584584990771,TeNa,8,682,8,147.4,85.3,18,1,1,4,Finals
9,[NRV] Space_Sheeep,742709922915024948,Anon,9,664,8,119.6,83.0,22,1,2,4,Finals
10,[EXL] Nvr_Kn,574550820306288641,Nvr_Kn,10,657,8,131.6,82.1,29,2,0,4,Finals
11,vari,248214333513793539,vari,11,647,7,129.2,92.4,26,1,1,4,Finals
12,Fraty,332487228263628801,Fraty,12,640,8,144.9,80.0,31,6,0,2,Finals
13,FeetOnMySheep,1075043948910886982,King Baldwin IV,13,631,7,138.7,90.1,22,2,0,6,Finals
14,[UN] Geographic Edits,1281977843210784832,Geographic Edits,14,619,7,130.3,88.4,16,6,0,4,Finals
15,[AST] Patanek,1443233459106746418,Patanek,15,602,7,136.3,86.0,14,5,0,4,Finals
16,Kraken1as,1491805944227696711,Krakenias,16,591,9,139.3,65.7,10,4,0,3,Finals
17,[NRV] Mili,803976151688019968,Mili,17,585,7,114.9,83.6,18,2,0,3,Finals
18,[LBU] Anto,615190559543263242,Anto,18,583,7,121.6,83.3,24,6,0,5,Finals
19,[NRV] INGSOC,1245186835597103177,INGSOC,19,577,7,125.6,82.4,17,5,0,3,Finals
20,[Xev]ラーメン,1251900133990465596,ramen,20,573,7,133.9,81.9,15,2,0,4,Finals
21,colmy,244261012042285056,Colmy,21,565,9,137.4,62.8,17,7,0,2,Finals
22,[CYN] imperium romanum,1432038068977930250,imperium romanum,22,556,8,111.7,69.5,27,2,0,3,Finals
23,Map Gamer,495653159663042571,Map Gamer,25,548,8,125.2,68.5,12,1,1,2,Finals
24,[UN] Planetary Realignment,293458502373081088,Planetary Realignment,29,528,7,118.3,75.4,20,4,0,4,Finals
25,[CYN] Bane,827209418537959434,Bane,33,487,8,130.3,60.9,7,16,0,2,Finals
26,BobTheGamer,571839966900912128,BobTheGamer,36,464,7,111.7,66.3,9,8,0,3,Finals
27,Super3,372542371872768003,Capsule Corp,40,428,8,112.5,53.5,4,9,0,3,Finals
28,[NRV] Raccoon,764730713718128690,Raccoon,44,411,9,119.3,45.7,8,16,0,1,Finals
29,NoXOuT,186071411830292480,NoXOuT,45,399,9,107.5,44.3,4,19,0,0,Finals
30,null,294092780953796608,KACHO attack n die,48,381,6,101.9,63.5,11,11,0,2,Finals
31,1m2o,181356818507890698,1m2o,49,380,8,87.7,47.5,6,4,0,2,Finals
32,[FISH] Cyanosis,306455054636941322,Cyanosis,50,380,8,97.9,47.5,5,10,0,2,Finals
33,[UN] Sharktopus,160123158895132672,Sharktopus,56,313,9,94.6,34.8,5,21,0,1,Finals
34,Egophobic,300694554645102602,Egophobic,67,258,6,69.7,43.0,0,27,0,0,Finals
35,make14,723924699989409834,make14,,244,5,57.7,48.8,9,13,0,1,Finals
36,Wicketman2,226869768165130240,wicketman2,23,556,7,120.9,79.4,61,4,0,4,Finals
37,[JR] DougyJR,355158630221479937,DougyJr,24,552,8,130.2,69.0,14,7,0,2,Finals
38,[LUX] eef,454775365907251210,eef WANTS trade,26,537,9,137.0,59.7,10,3,0,2,Finals
39,[UN] Kale,622431947339202561,kale,27,532,7,121.7,76.0,16,3,0,3,Finals
40,[NRV] Nagi,1422831611224916089,Nagi,28,531,8,117.2,66.4,14,8,0,4,Finals
41,Cheesemaxing,832286969278365706,Cheesemaxing,30,518,8,128.9,64.8,11,5,0,2,Finals
42,Dmq,1277992429827653682,Dmq,31,517,8,139.6,64.6,5,11,0,2,Finals
43,[LUX] W4lle,467446206608572416,W4lle,32,490,8,96.5,61.3,20,3,0,3,Finals
44,[DUCK] BBow,1106989734703669318,BBow,34,480,8,120.1,60.0,6,11,0,2,Finals
45,dandanua,351761707833753601,DandanUA,35,468,7,102.8,66.9,12,6,0,1,Finals
46,canauos,1096739589026218124,PIERRECHARTIERX2007,37,450,8,119.2,56.3,17,10,0,1,Finals
47,[LBU] Ziyad,1042867662692302878,Ziyad,38,448,7,90.2,64.0,13,1,1,1,Finals
48,keicaldera,977357589979471933,Empire of Kei,39,446,7,104.1,63.7,7,7,0,2,Finals
49,Vasile,702175550688591963,King of the Kings,41,425,8,113.2,53.1,11,9,0,1,Finals
50,[NRV] StanleyJJ,1028415610423627877,StanleyJJ,42,419,8,96.9,52.4,6,7,0,3,Finals
51,Fleug,381299176199290880,Fleug,43,417,9,113.3,46.3,4,14,0,1,Finals
52,Lunace,186880198816432128,Lunace,46,396,8,101.6,49.5,11,5,0,2,Finals
53,Mingoman,1272664506182406166,Lord,47,394,8,103.5,49.3,9,6,0,2,Finals
54,[JP]nittei,1324036014548975696,nittei,51,373,9,101.2,41.4,2,13,0,2,Finals
55,pulanjuri,614866545784389642,European Federation,52,355,9,101.4,39.4,7,19,0,0,Finals
56,Franquito,782634310066241536,FRANQUITO,53,340,8,77.5,42.5,17,15,0,0,Finals
57,Pug man,1079901799428935710,Royal Pug,54,334,8,87.8,41.8,5,6,0,2,Finals
58,[LBU] Zorbix,708624453579440218,Zorbit,55,314,4,58.5,78.5,12,3,0,1,Finals
59,Pyrrha,1433879692506693835,Pyrrha,57,305,5,59.0,61.0,9,3,0,1,Finals
60,[LUX] Theekan,158540124416638976,Theekan,58,304,3,57.2,101.3,6,2,0,1,Finals
61,[ROYS]StrikingSpliff,708423113259483186,Turbo,59,304,9,86.0,33.8,4,22,0,1,Finals
62,sunciy,455231267190079498,sunciy,60,301,6,75.0,50.2,5,7,0,1,Finals
63,[LUX]A Wet Sandwich,292730970094829580,A Wet Sandwich,61,264,7,67.4,37.7,3,19,0,1,Finals
64,[RLM] ⚒️ Soviet Romanum ⭐,271076896077381633,AnonCrocodile7,62,262,5,56.2,52.4,5,19,0,0,Finals
65,blurblitz,718563763560644659,blurblitz,63,261,6,57.4,43.5,4,21,0,0,Finals
66,Mousekey,1521722112535171143,MouseKey,64,260,6,67.9,43.3,11,17,0,0,Finals
67,[NRV] smsfun,1297199020191518812,smsfun,65,259,5,61.2,51.8,6,3,0,2,Finals
68,Ignaszolo,1415314520926195875,Ignaszollo,66,259,6,78.2,43.2,1,8,0,1,Finals
69,balmykhol,1036576726760820777,balmykhol,68,254,6,56.5,42.3,5,12,0,0,Finals
70,miau miau cat island,177027997516169217,miau miau cat island,69,252,7,73.4,36.0,5,15,0,0,Finals
71,[EU] Mjukpanda,1095766791587909734,Fentpanda,70,240,6,57.0,40.0,4,11,0,0,Finals
72,Heimdall/Eren,370611110535102464,French troops,71,240,4,49.8,60.0,8,12,0,1,Finals
73,STUFF WUFF921,773247251770114059,STUFF WUFF921,72,230,7,69.0,32.9,5,27,0,0,Finals
74,TheCopperBard | she/her,484170090980573185,TheCopperBard,73,227,7,65.6,32.4,3,24,0,0,Finals
75,[RLM] 🗺️ Naeshiggle,204722469284741120,Naeshiggle,74,223,7,66.9,31.9,1,9,0,1,Finals
76,Puck,879943503575146536,_0_Puck,75,223,6,55.3,37.2,1,14,0,0,Finals
77,[CZSK] Jindra,927625879700516875,Jindra,76,221,6,54.3,36.8,0,20,0,0,Finals
78,HopeSlayer1,314059437155287040,HopeSlayer1,77,220,6,59.5,36.7,1,18,0,0,Finals
79,MangoPudding,1305124232564441088,MIRV,78,215,6,54.3,35.8,5,23,0,0,Finals
80,[EXL-GAL]Professor Sployer,1411816097572716648,ProfessorSployer,79,211,3,40.8,70.3,3,5,0,1,Finals
81,Rimuru_Tempest,902157919360020543,Tempest,80,209,6,54.0,34.8,1,13,0,0,Finals
82,[CZSK] Mole,297312182939418624,Mole,81,209,7,67.0,29.9,2,25,0,0,Finals
83,Cabel Morgan,889983998456107089,Cape,82,199,7,66.3,28.4,5,13,0,1,Finals
84,indrllz,838344220359393291,Indrllz,83,197,4,49.3,49.3,3,5,0,1,Finals
85,MarkomanTv,397447596588924939,MarkomanTv,84,189,6,53.7,31.5,12,22,0,0,Finals
86,SuperBear3🏹🎯,1098952355296313384,Arasaka Enterprise,85,186,7,55.4,26.6,3,24,0,0,Finals
87,Mitch,1202428608380018740,VERSTAPPEN,86,185,5,57.6,37.0,2,12,0,1,Finals
88,Cthad,742899589564203061,Cthad,87,180,5,45.6,36.0,2,8,0,1,Finals
89,Purvik,1529537091346759748,Purvik,88,176,6,55.0,29.3,1,9,0,0,Finals
90,NoPugBurritoForYou,778354358395076628,NoPugBurritoForYou,89,162,6,46.6,27.0,0,16,0,0,Finals
91,𝑰𝒎𝑺𝒐𝑩𝒂𝒅,834424352690274344,ImSoBad,90,156,6,45.1,26.0,3,23,0,0,Finals
92,[JUICE] TGD,507930282590994444,TGD,91,149,2,27.5,74.5,4,10,0,0,Elimination
93,Doppelbemme,183935553291419649,AnonSwan7,92,146,4,41.8,36.5,0,20,0,0,Finals
94,Artisum,241509190932103169,Artisum,93,140,7,46.3,20.0,2,31,0,0,Finals
95,Physma,352603913691856899,Physma,94,139,5,40.4,27.8,4,18,0,0,Finals
96,Andrey20054,663025493842460672,Andrei,95,131,2,27.0,65.5,0,19,0,0,Elimination
97,[LBU] VarXard,1469000391751630932,VarXard,96,123,3,30.1,41.0,2,15,0,0,Finals
98,[AMA] TheStrovik,1350263521941782571,TheStrovik,97,120,4,40.0,30.0,0,13,0,0,Finals
99,ibi,341674905932398592,The Galactic Empire,98,114,3,29.7,38.0,2,27,0,0,Elimination
100,cogito,477537815580770315,cogito,99,108,2,24.5,54.0,2,15,0,0,Elimination
101,[AST] SPoS,1031621249832591420,SPoS,100,88,4,30.6,22.0,0,31,0,0,Elimination
102,TENET,416676677561614338,TENET,101,87,3,22.0,29.0,0,17,0,0,Elimination
103,Utah_Teapot,865314210484715530,Utah Teapot,102,86,3,22.2,28.7,1,22,0,0,Elimination
104,[NRV] pregnar,743505830019858462,cute femboyistan twink,103,86,3,28.3,28.7,2,34,0,0,Elimination
105,spartoneb,468540545048903692,Espanight,104,85,4,29.6,21.3,0,34,0,0,Elimination
106,Philosopher King,133749275262713856,Going2HydroU,105,83,3,27.4,27.7,1,32,0,0,Elimination
107,Azure,245020637230268428,Azure,106,82,2,17.6,41.0,0,24,0,0,Elimination
108,Revenflok,1502333958455820349,Revenflok,107,80,2,19.3,40.0,0,21,0,0,Elimination
109,Sylphn0,409726110406934530,Regnum Poloniae,108,73,3,20.2,24.3,1,31,0,0,Elimination
110,Goku._.Blackk,1173726955779129344,imperial_spaghetti,109,72,2,19.8,36.0,0,22,0,0,Elimination
111,Penguin,1277658499911909428,Social Republic of Penguins,110,72,3,21.2,24.0,1,22,0,0,Elimination
112,Chuma,325671276465094656,Chuma,,69,2,15.9,34.5,1,19,0,0,Elimination
113,Queqs,211681797606473736,Ulm,111,68,4,24.7,17.0,1,42,0,0,Elimination
114,ALT,1270468159765217331,ALT,112,67,4,25.5,16.8,0,38,0,0,Elimination
115,Mortal Hunger,363083015272005634,Mortal Hunger,113,66,4,23.4,16.5,1,38,0,0,Elimination
116,[LUX]Rookiemstk,1271972714164523028,Rookiemstk,114,63,3,20.3,21.0,1,36,0,0,Elimination
117,Big_O,642818479505801226,Big_O 88,115,60,2,14.8,30.0,0,38,0,0,Elimination
118,Meldown1973,1272952447123587217,Meldown1973,116,57,2,16.1,28.5,0,32,0,0,Elimination
119,[LBU] Skaïlex,1034562165480357999,Skailex on YT,117,50,1,10.8,50.0,0,28,0,0,Elimination
120,Trueanon,200453813579022337,TrueAnon,118,44,2,13.5,22.0,0,37,0,0,Elimination
121,Bammrie,907094793602101299,Bammrie,119,42,1,8.4,42.0,1,36,0,0,Elimination
122,Leszy,544277575850000414,Seneca,120,39,2,11.6,19.5,0,44,0,0,Elimination
123,[JR] HiImAcOoLgUySoYeAh,1411262697856696351,HiImAcOoLgUySoYeAh,121,36,1,7.6,36.0,0,42,0,0,Elimination
124,La_samupuerca,975499838265368606,Samutetas,122,32,2,11.9,16.0,0,42,0,0,Elimination
125,thunder,1378723372443238563,AnonElephant4,123,17,2,8.8,8.5,0,52,0,0,Elimination
126,Daddy,760857024774406240,Daddy,124,14,1,6.0,14.0,0,50,0,0,Elimination
127,SMYLO,1507854528534282332,smylo,125,0,1,3.6,0.0,0,55,0,0,Elimination
128,MarcusGuessr,1135169972268699678,Pr0tocol,126,0,1,2.4,0.0,0,58,0,0,Elimination
129,Broomsweep,1006901884537294858,Broomsweep,132,0,0,0.0,0.0,0,,0,0,Did not play
130,cozz,980461563326627911,SirAnonTroopsalot,182,0,0,0.0,0.0,0,,0,0,Did not play
131,Guy293,264788415625691148,my beloved,221,0,0,0.0,0.0,0,,0,0,Did not play
132,Zixer,332960421592170498,,235,0,0,0.0,0.0,0,,0,0,Did not play
133,Setsu_13,1265155457589186681,,251,0,0,0.0,0.0,0,,0,0,Did not play
134,Colio,369623893436268554,,252,0,0,0.0,0.0,0,,0,0,Did not play
135,Deathwatch,229089937956274176,,262,0,0,0.0,0.0,0,,0,0,Did not play
136,halil,777621114159366154,,274,0,0,0.0,0.0,0,,0,0,Did not play
137,Wolves,1523020348860268676,,290,0,0,0.0,0.0,0,,0,0,Did not play
138,Harry!!,725159859200327700,,303,0,0,0.0,0.0,0,,0,0,Did not play